country,2030,hist,units
DE,24.187180170103808,26.9858838761107,GW_e
PL,11.051652689453014,4.130957823978885,GW_e
