carrier,2030,2035,2040,hist,units
AC,332.870497428905,477.57539765444733,494.28501519054396,270.8473665726142,GW_e
DC,92.39899087804832,188.16275305904716,206.63459037648323,20.491,GW_e
